<?xml version="1.0" encoding="utf-8"?>
<info>
	<id>theming_customcss</id>
	<name>Custom CSS</name>
	<summary>Adjust the Nextcloud theme with custom CSS</summary>
	<description>Adjust the Nextcloud theme with custom CSS</description>
	<version>1.17.0</version>
	<licence>agpl</licence>
	<author>Julius Härtl</author>
	<namespace>ThemingCustomCss</namespace>
	<category>customization</category>
    <bugs>https://github.com/juliushaertl/theming_customcss/issues</bugs>
	<dependencies>
		<nextcloud min-version="26" max-version="30"/>
	</dependencies>
	<settings>
		<admin>OCA\ThemingCustomCss\Settings\Admin</admin>
	</settings>
</info>
